{"duration": 15.301950113378684, "tempo": 129.19921875, "drop_time": 0.5340589569160997, "clip_start": 0, "clip_end": 15.0, "clip_duration": 15.0, "file_size": 252445}