{"duration": 56.75151927437642, "tempo": 129.19921875, "drop_time": 15.882448979591837, "clip_start": 14.382448979591835, "clip_end": 29.382448979591835, "clip_duration": 15.0, "file_size": 1611132}