{"duration": 188.44444444444446, "tempo": 135.99917763157896, "drop_time": 128.35990929705216, "clip_start": 126.85990929705216, "clip_end": 141.85990929705216, "clip_duration": 15.0, "file_size": 49862480}